,@@case_id_column,case:LoanGoal@Boat,case:LoanGoal@Business goal,case:LoanGoal@Car,case:LoanGoal@Caravan / Camper,case:LoanGoal@Debt restructuring,case:LoanGoal@Existing loan takeover,case:LoanGoal@Extra spending limit,case:LoanGoal@Home improvement,case:LoanGoal@Motorcycle,case:LoanGoal@Not speficied,"case:LoanGoal@Other, see explanation",case:LoanGoal@Remaining debt home,case:LoanGoal@Tax payments,case:LoanGoal@Unknown,case:ApplicationType@Limit raise,case:ApplicationType@New credit,case:RequestedAmount,@@caseDuration,@@num_occurrence_O_Create Offer,Throughput Time,Surprisingness,Effectiveness
5095,Application_2130195515,0,0,0,0,0,0,0,0,0,0,0,0,0,1,0,1,0.0,6655281.534000158,3,77 days 00:41:22,52017.91060686899,46816099.93982512
6016,Application_6918840,0,0,0,0,0,0,0,0,0,0,0,0,0,1,0,1,0.0,8802599.654000044,3,101 days 21:10:00,52017.91060686899,46816099.93982512
9115,Application_544368785,0,0,0,0,0,0,0,0,0,0,0,0,0,1,0,1,0.0,7247650.640000105,3,83 days 21:14:11,52017.91060686899,46816099.93982512
10904,Application_850377333,0,0,0,0,0,0,0,0,0,0,1,0,0,0,0,1,5000.0,6630689.011000156,3,76 days 17:51:29,52017.91060686899,46816099.93982512
10988,Application_1485106939,0,0,0,0,0,0,0,0,0,0,0,0,0,1,0,1,0.0,7872859.878000021,3,91 days 02:54:20,52017.91060686899,46816099.93982512
11932,Application_978933800,0,0,0,0,0,0,0,1,0,0,0,0,0,0,0,1,10000.0,6209291.440999985,3,71 days 20:48:11,52017.91060686899,46816099.93982512
16792,Application_2056764225,0,0,0,0,0,0,0,0,0,0,0,0,0,1,0,1,0.0,11490466.57799983,3,132 days 23:47:47,52017.91060686899,46816099.93982512
21808,Application_2090544740,0,0,0,0,0,0,0,1,0,0,0,0,0,0,0,1,7500.0,6193471.541999817,3,71 days 16:24:32,52017.91060686899,46816099.93982512
23899,Application_1828802183,0,0,0,0,0,0,0,1,0,0,0,0,0,0,0,1,10000.0,6461698.467000008,3,74 days 18:54:58,52017.91060686899,46816099.93982512
